Timestamp,Question,Source (link),Large Category,Source (category),Topic,Large Category v.2
3/11/2021 23:58:39,How big of a disaster are the current California wildfires ?,https://answers.yahoo.com/question/index;_ylt=AwrXgiL4Hktg5ncAkwBPmolQ;_ylu=Y29sbwNncTEEcG9zAzcEdnRpZAMEc2VjA3Ny?qid=20071023103813AAt5u4m,Emergency Protocols,Answers,,Social Impact
2/25/2021 15:19:29,What cant a fire extinguisher put out?,answers.com/Q/What_cant_a_fire_extinguisher_put_out,Emergency Protocols,Answers,Fire Extinguisher,Fire Safety
2/25/2021 14:39:35,My house is on fire what do I do?!!?,https://answers.yahoo.com/question/index?qid=20100124173625AAalSAb,Emergency Protocols,Answers,General Response,Fire Safety
2/25/2021 15:25:42,Can you use a fire extinguisher to put out a grease fire?,https://www.answers.com/Q/Can_you_use_a_fire_extinguisher_to_put_out_a_grease_fire,Emergency Protocols,Answers,"Fire Extinguisher, Fire Types",Fire Safety
2/25/2021 15:17:53,How can you stop electrical fires?,https://www.answers.com/Q/How_can_you_stop_electrical_fires,Emergency Protocols,Answers,"Fire Extinguisher, Fire Types",Fire Safety
2/25/2021 15:12:21,How do you extinguish a fire safely?,https://www.answers.com/Q/How_do_you_extinguish_a_fire_safely,Emergency Protocols,Answers,Fire Extinguisher,Fire Safety
2/25/2021 15:06:40,How do you stop a fire?,https://www.answers.com/Q/How_do_you_stop_a_fire,Emergency Protocols,Answers,"Fire Extinguisher, General Response",Fire Safety
2/25/2021 15:14:28,How do you use fire extinguisher?,https://www.answers.com/Q/How_do_you_use_fire_extinguisher,Emergency Protocols,Answers,Fire Extinguisher,Fire Safety
2/25/2021 15:12:58,How would you respond to a fire at work?,https://www.answers.com/Q/How_would_you_respond_to_a_fire_at_work,Emergency Protocols,Answers,General Response,Fire Safety
2/25/2021 15:08:57,If the Building get fire where do people go?,https://www.answers.com/Q/If_the_Building_get_fire_where_do_people_go,Emergency Protocols,Answers,Evacuation,Fire Safety
2/25/2021 15:20:18,What are 5 ways to control a fire?,https://www.answers.com/Q/What_are_5_ways_to_control_a_fire,Emergency Protocols,Answers,General Response,Fire Safety
2/25/2021 14:58:13,What do in case of fire in paint room?,https://www.answers.com/Q/What_do_in_case_of_fire_in_paint_room,Emergency Protocols,Answers,"Fire Types, General Response",Fire Safety
2/25/2021 15:24:50,What do you do during a grease fire?,https://www.answers.com/Q/What_do_you_do_during_a_grease_fire,Emergency Protocols,Answers,Fire Types,Fire Safety
2/25/2021 15:08:35,What door do you go out of when there is a fire?,https://www.answers.com/Q/What_door_do_you_go_out_of_when_there_is_a_fire,Emergency Protocols,Answers,Evacuation,Fire Safety
2/25/2021 14:55:19,What emergency phone number would you dial to report a fire?,https://www.answers.com/Q/What_emergency_phone_number_would_you_dial_to_report_a_fire,Emergency Protocols,Answers,Getting Help,Fire Safety
2/25/2021 15:11:59,What help stop the fire from spreading?,https://www.answers.com/Q/What_help_stop_the_fire_from_spreading,Emergency Protocols,Answers,General Response,Fire Safety
2/25/2021 15:00:27,What is a fire-evacuation route mean?,https://www.answers.com/Q/What_is_a_fire-evacuation_route_mean,Emergency Protocols,Answers,Evacuation,Fire Safety
2/25/2021 14:59:59,What is the evacuation procedure in case of fire?,https://www.answers.com/Q/What_is_the_evacuation_procedure_in_case_of_fire,Emergency Protocols,Answers,Evacuation,Fire Safety
2/25/2021 15:11:38,What should you do when there is a fire?,https://www.answers.com/Q/What_should_you_do_when_there_is_a_fire,Emergency Protocols,Answers,General Response,Fire Safety
2/25/2021 15:25:13,What should you use to put out a grease fire?,https://www.answers.com/Q/What_should_you_use_to_put_out_a_grease_fire,Emergency Protocols,Answers,Fire Types,Fire Safety
2/25/2021 15:05:24,What to do in a fire?,https://www.answers.com/Q/What_to_do_in_a_fire,Emergency Protocols,Answers,General Response,Fire Safety
2/25/2021 15:20:02,What would you do if an open fire was out of control?,https://www.answers.com/Q/What_would_you_do_if_an_open_fire_was_out_of_control,Emergency Protocols,Answers,General Response,Fire Safety
2/25/2021 15:16:50,What would you say when reporting a fire?,https://www.answers.com/Q/What_would_you_say_when_reporting_a_fire,Emergency Protocols,Answers,Getting Help,Fire Safety
2/25/2021 15:04:15,When to use fire alarm?,https://www.answers.com/Q/When_to_use_fire_alarm,Emergency Protocols,Answers,Getting Help,Fire Safety
2/25/2021 15:01:35,Why clear and effective communication is important in a fire evacuation procedures?,https://www.answers.com/Q/Why_clear_and_effective_communication_is_important_in_a_fire_evacuation_procedures,Emergency Protocols,Answers,Evacuation,Fire Safety
2/25/2021 15:01:00,Why it is important to keep the fire evacuation routes clear?,https://www.answers.com/Q/Why_it_is_important_to_keep_the_fire_evacuation_routes_clear,Emergency Protocols,Answers,Evacuation,Fire Safety
3/11/2021 23:57:20,do they have mandatory evacuations for to much smoke?,https://answers.yahoo.com/question/index;_ylt=AwrXnCC9HktgUyUAhyVPmolQ;_ylu=Y29sbwNncTEEcG9zAzgEdnRpZAMEc2VjA3Ny?qid=20110908115918AA6Ccz2,Emergency Protocols,Answers,Evacuation,Fire Safety
3/11/2021 23:58:13,How do you find out where you can evacuate with your animals in an evacuation emergency?,https://answers.yahoo.com/question/index;_ylt=AwrXgiL4Hktg5ncAjwBPmolQ;_ylu=Y29sbwNncTEEcG9zAzUEdnRpZAMEc2VjA3Ny?qid=20100906171450AAQAXBn,Emergency Protocols,Answers,"Evacuation, Animals",Fire Safety
2/25/2021 14:45:33,What to Do and What to Take When Evacuating Your Home?,https://www.houselogic.com/finances-taxes/home-insurance/home-evacuation-checklist/,Emergency Protocols,Other,Evacuation,Fire Safety
2/25/2021 14:42:40,What To Do if a Fire Starts?,https://www.redcross.org/get-help/how-to-prepare-for-emergencies/types-of-emergencies/fire/if-a-fire-starts.html,Emergency Protocols,Other,General Response,Fire Safety
2/25/2021 15:05:48,Is it legal for home owners in California to defend their homes against wildfire instead of evacuating?,https://www.quora.com/Is-it-legal-for-home-owners-in-California-to-defend-their-homes-against-wildfire-instead-of-evacuating,Emergency Protocols,Quora,Evacuation,Fire Safety
3/4/2021 19:57:13,How would you handle guests in a fire emergency?,https://www.quora.com/How-would-you-handle-guests-in-a-fire-emergency,Emergency Protocols,Quora,General Response,Fire Safety
3/4/2021 19:57:27,"Despite smoke detectors, how do carbon monoxide detectors help in fire emergencies?",https://www.quora.com/Despite-smoke-detectors-how-do-carbon-monoxide-detectors-help-in-fire-emergencies,Emergency Protocols,Quora,Fire Types,Fire Safety
3/4/2021 19:57:40,How do you deal with fire in an emergency situation?,https://www.quora.com/How-do-you-deal-with-fire-in-an-emergency-situation,Emergency Protocols,Quora,General Response,Fire Safety
3/4/2021 19:57:52,I am thinking of sleeping with ear plugs. How can I be safe in case of fire/emergency?,https://www.quora.com/I-live-alone-and-due-to-construction-outside-my-room-I-am-thinking-of-sleeping-with-ear-plugs-How-can-I-be-safe-in-case-of-fire-emergency,Emergency Protocols,Quora,General Response,Fire Safety
3/4/2021 19:58:08,Why is it advised to take the stairs instead of elevators in case of a fire emergency?,quora.com/Why-is-it-advised-to-take-the-stairs-instead-of-elevators-in-case-of-a-fire-emergency,Emergency Protocols,Quora,Evacuation,Fire Safety
3/4/2021 19:58:25,What happens to the people incarcerated in a prison or police station when a massive fire emergency occurs?,https://www.quora.com/What-happens-to-the-people-incarcerated-in-a-prison-or-police-station-when-a-massive-fire-emergency-occurs,Emergency Protocols,Quora,Evacuation,Fire Safety
3/4/2021 19:58:38,Is it illegal to trigger a fire alarm if there is a non fire emergency and you have no other way of contacting 911?,https://www.quora.com/Is-it-illegal-to-trigger-a-fire-alarm-if-there-is-a-non-fire-emergency-and-you-have-no-other-way-of-contacting-911,Emergency Protocols,Quora,Getting Help,Fire Safety
3/4/2021 19:58:55,How is a security guard supposed to direct people during a fire emergency?,quora.com/How-is-a-security-guard-supposed-to-direct-people-during-a-fire-emergency,Emergency Protocols,Quora,Evacuation,Fire Safety
3/11/2021 16:01:53,How do I refill a fire extinguisher?,https://www.quora.com/How-do-I-refill-a-fire-extinguisher,Emergency Protocols,Quora,Fire Extinguisher,Fire Safety
3/11/2021 16:02:22,What is the correct way to operate a fire extinguisher?,https://www.quora.com/What-is-the-correct-way-to-operate-a-fire-extinguisher,Emergency Protocols,Quora,Fire Extinguisher,Fire Safety
3/11/2021 16:03:04,Do fire extinguishers expire?,https://www.quora.com/Do-fire-extinguishers-expire,Emergency Protocols,Quora,Fire Extinguisher,Fire Safety
3/11/2021 16:04:31,How do fire sprinklers function?,https://www.quora.com/How-do-fire-sprinklers-function,Emergency Protocols,Quora,Fire Extinguisher,Fire Safety
3/11/2021 16:05:03,Can fire extinguishers stop all fires?,https://www.quora.com/Can-fire-extinguishers-stop-all-fires,Emergency Protocols,Quora,Fire Extinguisher,Fire Safety
3/11/2021 16:05:58,Is stopping dropping rolling the best thing to do all the time?,https://www.quora.com/Is-stopping-dropping-rolling-the-best-thing-to-do-all-the-time,Emergency Protocols,Quora,Person On Fire,Fire Safety
3/11/2021 16:06:22,"Does stop, drop, and roll really work when you're on fire?",https://www.quora.com/Does-stop-drop-and-roll-really-work-when-youre-on-fire,Emergency Protocols,Quora,Person On Fire,Fire Safety
3/11/2021 16:06:44,How well does 'stop-drop-and-roll' work in a real world scenario?,https://www.quora.com/How-well-does-stop-drop-and-roll-work-in-a-real-world-scenario,Emergency Protocols,Quora,Person On Fire,Fire Safety
3/11/2021 16:07:11,Is Stop Drop and Roll the best thing to do when you're on fire?,https://www.quora.com/Is-Stop-Drop-and-Roll-the-best-thing-to-do-when-youre-on-fire,Emergency Protocols,Quora,Person On Fire,Fire Safety
3/11/2021 16:08:09,My house is on fire. What do I do?,https://www.quora.com/My-house-is-on-fire-What-do-I-do,Emergency Protocols,Quora,General Response,Fire Safety
3/11/2021 16:10:18,What do you do if a pet is on fire?,https://www.quora.com/What-do-you-do-if-a-pet-is-on-fire,Emergency Protocols,Quora,Animals,Fire Safety
3/11/2021 16:10:45,There's a fire in your house. What do you grab? Why?,https://www.quora.com/Theres-a-fire-in-your-house-What-do-you-grab-Why,Emergency Protocols,Quora,Evacuation,Fire Safety
3/11/2021 16:11:16,If your house in on fire and your pets and trapped inside what would you do?,https://www.quora.com/If-your-house-in-on-fire-and-your-pets-and-trapped-inside-what-would-you-do,Emergency Protocols,Quora,Animals,Fire Safety
,Evacuation notice,https://www.reddit.com/r/bayarea/comments/ich25q/psa_if_you_received_an_evacuation_notice_these/,Emergency Protocols,Reddit,Evacuation,Fire Safety
,fire helpline,https://www.reddit.com/r/Firefighting/comments/csnil4/please_call_if_you_need_help_fireems_helpline/,Emergency Protocols,Reddit,Getting Help,Fire Safety
,How to report a fire?,https://www.reddit.com/r/LAFD/comments/2wiqo4/how_do_i_report_something_nonemergency/,Emergency Protocols,Reddit,Getting Help,Fire Safety
,How do you contact an individual fire station?,https://www.reddit.com/r/NoStupidQuestions/comments/lp8i5n/how_do_you_contact_an_individual_fire_station/,Emergency Protocols,Reddit,Getting Help,Fire Safety
,Map of evacuation orders,https://www.reddit.com/r/SanJose/comments/id0hsd/map_of_evacuation_orders/,Emergency Protocols,Reddit,Evacuation,Fire Safety
,Possibility of evacuation order,https://www.reddit.com/r/SanJose/comments/id5o9i/what_is_the_possibility_of_an_evacuation_order_in/,Emergency Protocols,Reddit,Evacuation,Fire Safety
2/25/2021 15:14:04,How to use a fire extinguisher?,Divya Kunisetty,Emergency Protocols,Team-Generated,Fire Extinguisher,Fire Safety
3/4/2021 11:33:23,What's your 5 minute plan?,https://twitter.com/CAFireFound/status/1189225792380821505?s=20,Emergency Protocols,Twitter,General Response,Fire Safety
2/25/2021 18:02:32,Do you know your evacuation route in case of a wildfire emergency? ,https://twitter.com/CAL_FIRE/status/1311029805639327744,Emergency Protocols,Twitter,Evacuation,Fire Safety
2/25/2021 22:41:33,How is there not an effective protocol in place for when wildfires happen?,https://twitter.com/dillappleman/status/1297932723647062016,Emergency Protocols,Twitter,General Response,Fire Safety
2/23/2021 0:31:15,Looking for where you can sign up for emergency alerts in your community?,https://twitter.com/emilymzentner/status/1296569669097144320,Emergency Protocols,Twitter,Getting Help,Fire Safety
2/23/2021 0:22:14,how do you get accurate timely info to those most impacted when comms & transit infrastructure is damaged & local govs overwhelmed?,https://twitter.com/katebmaxwell/status/1362132204759904256,Emergency Protocols,Twitter,Getting Help,Fire Safety
2/25/2021 18:00:18,Do you know where to look for notifications in the event of an emergency?,https://twitter.com/NTFPD_/status/1296147432695369730,Emergency Protocols,Twitter,Getting Help,Fire Safety
2/25/2021 22:29:20,"When wildfire moves too fast to evacuate, where is the nearest safer place?",https://twitter.com/pyrogeog/status/1136690107694501889,Emergency Protocols,Twitter,Evacuation,Fire Safety
2/25/2021 14:38:59,I need Some Fire Safety Tips?,https://answers.yahoo.com/question/index?qid=20090908205427AAQKxUP,Emergency Protocols,Answers,,Fire Safety
2/25/2021 14:49:57,Fire Safety Tips for kids and teens?,https://www.answers.com/Q/Fire_Safety_Tips_for_kids_and_teens,Emergency Protocols,Answers,,Fire Safety
2/25/2021 23:19:41,How about a demo on how to work an extinguisher?,https://www.facebook.com/hashtag/firesafe,Emergency Protocols,Facebook,Fire Extinguisher,Fire Safety
3/24/2021 15:03:35,How do you fight wildfires?,https://www.doi.gov/blog/7-burning-questions-wildfires-public-lands,Emergency Protocols,Other,,Fire Safety
3/31/2021 12:21:37,How do I keep my home from burning in a wildfire? ,https://wildfiretoday.com/faq-wildland-fire/,Emergency Protocols,Other,,Fire Safety
2/25/2021 14:49:42,How do you stop a wildfire?,https://www.quora.com/How-do-you-stop-a-wildfire,Emergency Protocols,Quora,,-----
2/25/2021 15:00:00,"To escape a wildfire, can you run to a lake and be safe?
",https://www.quora.com/To-escape-a-wildfire-can-you-run-to-a-lake-and-be-safe,Emergency Protocols,Quora,,Fire Safety
3/11/2021 15:50:39,What medicine should be used after getting burned?,https://www.quora.com/What-medicine-should-be-used-after-getting-burned,Emergency Protocols,Quora,,Fire Safety
3/11/2021 15:51:52,How do I make a burn hurt less and heal faster?,https://www.quora.com/How-do-I-make-a-burn-hurt-less-and-heal-faster,Emergency Protocols,Quora,,Fire Safety
3/11/2021 15:52:19,What are some home remedies for healing skin burns?,https://www.quora.com/What-are-some-home-remedies-for-healing-skin-burns,Emergency Protocols,Quora,,Fire Safety
3/11/2021 15:53:02,How do you treat a burn?,https://www.quora.com/How-do-you-treat-a-burn,Emergency Protocols,Quora,,Fire Safety
3/11/2021 15:53:48,What do you do for burns?,https://www.quora.com/What-do-you-do-for-burns,Emergency Protocols,Quora,,Fire Safety
3/11/2021 15:48:04,How bad is the air quality from wildfire season?,https://www.reddit.com/r/stanford/comments/lw5s4p/how_bad_is_the_air_quality_from_wildfire_season/,Emergency Protocols,Reddit,,Fire Safety
3/11/2021 15:49:02,How wildfire smoke Impacts Air Quality and Your Health?,https://www.reddit.com/r/molekule/comments/cwakmm/wildfire_smoke_how_it_impacts_air_quality_and/,Emergency Protocols,Reddit,,Fire Safety
3/11/2021 15:50:00,Improving Indoor Air Quality during Wildfire Season,https://www.reddit.com/r/Entrepreneur/comments/dx7nev/improving_indoor_air_quality_during_wildfire/,Emergency Protocols,Reddit,,Fire Safety
3/11/2021 15:50:51,Should I avoid running when the air quality is bad?,https://www.reddit.com/r/running/comments/9vwfxf/should_i_avoid_running_when_the_air_quality_is/,Emergency Protocols,Reddit,,Fire Safety
3/11/2021 15:52:03,how dangerous is this wildfire smoke?,https://www.reddit.com/r/slatestarcodex/comments/9xgw5e/californians_how_dangerous_is_this_wildfire_smoke/,Emergency Protocols,Reddit,,Fire Safety
3/11/2021 15:53:02,What are the effects of the smoke generated by the fires in Australia?,https://www.reddit.com/r/askscience/comments/ek7gs9/what_are_the_effects_of_the_smoke_generated_by/,Emergency Protocols,Reddit,,Fire Safety
3/11/2021 16:00:47,When do you not bike due to air quality?,https://www.reddit.com/r/bikecommuting/comments/75hnuz/when_do_you_not_bike_due_to_air_quality/,Emergency Protocols,Reddit,,Fire Safety
3/11/2021 16:08:33,"How to stay safe as smoke, horrible air quality choke Southern California",https://www.reddit.com/r/LosAngeles/comments/iqf8r3/how_to_stay_safe_as_smoke_horrible_air_quality/,Emergency Protocols,Reddit,,Fire Safety
3/11/2021 16:11:01,Anyone experiencing smoke dizziness?,https://www.reddit.com/r/bayarea/comments/ie8s46/anyone_experiencing_smoke_dizziness/,Emergency Protocols,Reddit,,Fire Safety
3/11/2021 16:11:26,Wildfire Smoke causing hair problems?,https://www.reddit.com/r/Hair/comments/iub7g9/wildfire_smoke_causing_hair_problems/,Emergency Protocols,Reddit,,Fire Safety
3/11/2021 16:12:30,Headaches lately.. smoke related?,https://www.reddit.com/r/Denver/comments/idbefs/headaches_lately_smoke_related/,Emergency Protocols,Reddit,,Fire Safety
3/11/2021 16:11:32,What is smoke inhalation?,https://www.answers.com/Q/What_is_smoke_inhalation,Emergency Protocols,Answers,,Fire Safety
2/25/2021 15:15:27,Are California’s wildfires over now?,https://www.quora.com/Are-California-s-wildfires-over-now,Emergency Protocols,Quora,,Ecology and Environment
3/31/2021 12:22:45,"I smell smoke from nearby wildfires, how can I determine if the air is unhealthy?",https://www.dir.ca.gov/dosh/wildfire/wildfire-faq.html,Emergency Protocols,Other,,Fire Safety
,Air quality due to fires?,https://www.reddit.com/r/LosAngeles/comments/dmvmy6/air_quality_due_to_fires_how_are_you_fairing/,Emergency Protocols,Reddit,,Fire Safety
2/25/2021 14:49:35,How's the air quality in my area?,https://twitter.com/OregonOEM/status/1313514660516163584?s=20,Emergency Protocols,Twitter,,Fire Safety
2/25/2021 15:21:36,How do people react when there is a fire?,https://www.answers.com/Q/How_do_people_react_when_there_is_a_fire,Emergency Protocols,Answers,,Social Impact
2/25/2021 14:54:34,What are the health risks in inhaling wildfire smoke?,https://www.quora.com/What-are-the-health-risks-in-inhaling-wildfire-smoke,Emergency Protocols,Quora,,Fire Safety
2/25/2021 22:36:39,How does air pollution impact public health during wildfires & what can local govt do to help? ,https://twitter.com/JoinClarity/status/1309608897800318977,Emergency Protocols,Twitter,,Fire Safety
3/12/2021 0:01:18,How much are the dogs being affected by the California wildfires right now?,https://answers.yahoo.com/question/index;_ylt=AwrXnCa7H0tgSC8AXgdPmolQ;_ylu=Y29sbwNncTEEcG9zAzEEdnRpZAMEc2VjA3Ny?qid=20081116141548AA91hi7,Emergency Protocols,Answers,,Social Impact
2/25/2021 14:38:12,What is fire?,https://answers.yahoo.com/question/index?qid=20060605173501AAiKNSB,Fire Ecology,Answers,,Ecology and Environment
2/25/2021 15:16:06,What is the difference between a wildfire and a forest fire?,https://www.answers.com/Q/What_is_the_difference_between_a_wildfire_and_a_forest_fire,Fire Ecology,Answers,,Ecology and Environment
2/25/2021 15:16:29,When do forest fires become a wildfire?,https://www.answers.com/Q/When_do_forest_fires_become_a_wildfire,Fire Ecology,Answers,,Ecology and Environment
3/11/2021 23:48:51,what causes wildfires?,https://answers.yahoo.com/question/index?qid=20081023204605AAxNKYk,Fire Ecology,Answers,,Ecology and Environment
3/11/2021 23:50:08,Wildfires are bad or good?,https://answers.yahoo.com/question/index?qid=20070813150309AA2DeMp,Fire Ecology,Answers,,Ecology and Environment
3/11/2021 23:50:26,What caused California Wild Fires...?,https://answers.yahoo.com/question/index?qid=20071024131115AA3TlWO,Fire Ecology,Answers,,Ecology and Environment
3/11/2021 23:55:40,What are some ways that wildfires affect our ecosystem?,https://answers.yahoo.com/question/index;_ylt=AwrXgiLjHUtgnjsA4z5PmolQ;_ylu=Y29sbwNncTEEcG9zAzYEdnRpZAMEc2VjA3Ny?qid=20110514151928AAaDWUn,Fire Ecology,Answers,,Ecology and Environment
3/11/2021 23:56:02,How does a wildfire start?,https://answers.yahoo.com/question/index;_ylt=AwrXgiLjHUtgnjsA5T5PmolQ;_ylu=Y29sbwNncTEEcG9zAzcEdnRpZAMEc2VjA3Ny?qid=20071028123830AAl0RKv,Fire Ecology,Answers,,Ecology and Environment
3/11/2021 23:59:14,Why are there so many wildfires nowadays?,https://answers.yahoo.com/question/index;_ylt=AwrXgiI0H0tgJE4A4xlPmolQ;_ylu=Y29sbwNncTEEcG9zAzEwBHZ0aWQDBHNlYwNzcg--?qid=20090901113048AA20QKG,Fire Ecology,Answers,,Ecology and Environment
3/12/2021 0:00:18,When did the California fires start?,https://answers.yahoo.com/question/index;_ylt=AwrXgiJ3H0tghyoACgpPmolQ;_ylu=Y29sbwNncTEEcG9zAzcEdnRpZAMEc2VjA3Ny?qid=20071025165152AA2RfuA,Fire Ecology,Answers,,Ecology and Environment
2/25/2021 22:52:12,"To help with reforestation, do you also plant Pacific dogwoods? And other deciduous native species?",https://www.facebook.com/CALFIRE/posts/10159085732947390,Fire Ecology,Facebook,,Ecology and Environment
3/24/2021 15:03:08,How do wildfires start?,https://www.doi.gov/blog/7-burning-questions-wildfires-public-lands,Fire Ecology,Other,,Ecology and Environment
3/24/2021 15:04:00,How do wildfires affect wildlife?,https://www.doi.gov/blog/7-burning-questions-wildfires-public-lands,Fire Ecology,Other,,Ecology and Environment
3/24/2021 15:10:49,Do all areas affected by fire require reforestation?,https://www.nationalforests.org/blog/five-burning-questions-about-tree-planting-and-wildfire,Fire Ecology,Other,,Ecology and Environment
3/24/2021 15:14:06,How does tree planting help our forests recover from wildfire?,https://www.nationalforests.org/blog/five-burning-questions-about-tree-planting-and-wildfire,Fire Ecology,Other,,Ecology and Environment
3/31/2021 12:21:09,At what temperatures do forest fires burn?,https://wildfiretoday.com/faq-wildland-fire/,Fire Ecology,Other,,Ecology and Environment
3/31/2021 12:24:25,What is the cause of most wildfires?,https://www.nfpa.org/Public-Education/Fire-causes-and-risks/Wildfire/Firewise-USA/Become-a-Firewise-USA-site/Frequently-asked-questions,Fire Ecology,Other,,Ecology and Environment
3/31/2021 12:25:03,"I don't live in a ""wildland"" -- is my home really in danger?",https://www.nfpa.org/Public-Education/Fire-causes-and-risks/Wildfire/Firewise-USA/Become-a-Firewise-USA-site/Frequently-asked-questions,Fire Ecology,Other,,-----
2/25/2021 15:17:33,What are some firefighting tactics used to suppress wildfires?,https://www.quora.com/What-are-some-firefighting-tactics-used-to-suppress-wildfires,Fire Ecology,Quora,,Ecology and Environment
2/25/2021 14:40:39,Are California fires caused by climate change?,https://www.quora.com/Are-California-fires-caused-by-climate-change,Fire Ecology,Quora,,Ecology and Environment
2/25/2021 14:47:26,Does climate change cause wildfires?,https://www.quora.com/Does-climate-change-cause-wildfires,Fire Ecology,Quora,,Ecology and Environment
2/25/2021 14:46:35,How are the southern California wildfires related to climate change?,https://www.quora.com/How-are-the-southern-California-wildfires-related-to-climate-change,Fire Ecology,Quora,,Ecology and Environment
2/25/2021 14:42:14,How could California significantly reduce the chance of wildfires?,https://www.quora.com/How-could-California-significantly-reduce-the-chance-of-wildfires,Fire Ecology,Quora,,Ecology and Environment
2/25/2021 15:09:14,How do fires spread super fast?,https://www.quora.com/How-do-fires-spread-super-fast,Fire Ecology,Quora,,Ecology and Environment
2/25/2021 15:06:20,How do wildfires help the environment?,https://www.quora.com/How-do-wildfires-help-the-environment,Fire Ecology,Quora,,Ecology and Environment
2/25/2021 14:51:39,How do wildfires start?,https://www.quora.com/How-do-wildfires-start,Fire Ecology,Quora,,Ecology and Environment
2/25/2021 15:02:10,How is the environment affected by forest fires?,https://www.quora.com/How-is-the-environment-affected-by-forest-fires,Fire Ecology,Quora,,Ecology and Environment
2/25/2021 15:03:30,Is the PG & E power shutdown really going to help control California’s wildfire crisis?,https://www.quora.com/Is-the-PG-E-power-shutdown-really-going-to-help-control-California-s-wildfire-crisis,Fire Ecology,Quora,,Ecology and Environment
2/25/2021 15:20:01,Is the repetition of wildfires in California in recent years a consequence of global warming?,https://www.quora.com/Is-the-repetition-of-wildfires-in-California-in-recent-years-a-consequence-of-global-warming,Fire Ecology,Quora,,Ecology and Environment
2/25/2021 14:55:28,What are the affects of wildfires?,https://www.quora.com/What-are-the-affects-of-wildfires,Fire Ecology,Quora,,"Ecology and Environment, Social Impact"
2/25/2021 15:01:08,What can California do to stop the wildfires in the summer?,https://www.quora.com/What-can-California-do-to-stop-the-wildfires-in-the-summer,Fire Ecology,Quora,,Ecology and Environment
2/25/2021 15:07:24,"What is the effect of wildfires on biodiversity?
",https://www.quora.com/What-is-the-effect-of-wildfires-on-biodiversity,Fire Ecology,Quora,,Ecology and Environment
2/25/2021 14:42:59,What is the main cause behind California wildfires?,https://www.quora.com/What-is-the-main-cause-behind-California-wildfires,Fire Ecology,Quora,,Ecology and Environment
2/25/2021 14:53:44,What preventative actions can California take to prevent future wildfires?,https://www.quora.com/What-preventative-actions-can-California-take-to-prevent-future-wildfires,Fire Ecology,Quora,,Ecology and Environment
2/25/2021 14:46:57,What’s the correlation between climate change and wildfires?,https://www.quora.com/What-s-the-correlation-between-climate-change-and-wildfires,Fire Ecology,Quora,,Ecology and Environment
2/25/2021 15:18:01,Why can't Californians prevent the annual wildfires?,https://www.quora.com/Why-cant-Californians-prevent-the-annual-wildfires,Fire Ecology,Quora,,Ecology and Environment
2/25/2021 15:10:30,Why does California have so many wildfires?,https://www.quora.com/Why-does-California-have-so-many-wildfires-Are-these-wildfires-planned-or-is-it-just-nature-doing-it-on-its-own,Fire Ecology,Quora,,Ecology and Environment
2/25/2021 15:10:30,Are these wildfires planned or is it just nature doing it on its own?,https://www.quora.com/Why-does-California-have-so-many-wildfires-Are-these-wildfires-planned-or-is-it-just-nature-doing-it-on-its-own,Fire Ecology,Quora,,Ecology and Environment
2/25/2021 15:18:23,Why does climate change make wildfires more intense?,https://www.quora.com/Why-does-climate-change-make-wildfires-more-intense,Fire Ecology,Quora,,Ecology and Environment
2/25/2021 14:39:55,Why is California prone to wildfires?,https://www.quora.com/Why-is-California-prone-to-wildfires,Fire Ecology,Quora,,Ecology and Environment
2/25/2021 14:41:23,What caused the wildfire in California in so many places at the same time?,https://www.quora.com/Why-is-California-prone-to-wildfires,Fire Ecology,Quora,,Ecology and Environment
2/25/2021 14:44:14,Why is California repeatedly getting massive fires?,https://www.quora.com/Why-is-California-repeatedly-getting-massive-fires,Fire Ecology,Quora,,Ecology and Environment
2/25/2021 15:09:58,Why is California subject to repeated wildfires more than any other region in the United States?,https://www.quora.com/Why-is-California-subject-to-repeated-wildfires-more-than-any-other-region-in-the-United-States,Fire Ecology,Quora,,Ecology and Environment
2/25/2021 14:44:47,Why is it so difficult to put out wildfires?,https://www.quora.com/Why-is-it-so-difficult-to-put-out-wildfires,Fire Ecology,Quora,,Ecology and Environment
2/25/2021 14:56:30,Why is the number of wildfires or forestfires increasing worldwide?,https://www.quora.com/Why-is-the-number-of-wildfires-or-forestfires-increasing-worldwide,Fire Ecology,Quora,,Ecology and Environment
2/25/2021 14:57:25,How can wildfires be predicted?,https://www.quora.com/Why-is-the-number-of-wildfires-or-forestfires-increasing-worldwide,Fire Ecology,Quora,,Ecology and Environment
2/25/2021 15:00:42,Will California be in an endless cycle wildfires?,https://www.quora.com/Will-California-be-in-an-endless-cycle-wildfires,Fire Ecology,Quora,,Ecology and Environment
2/25/2021 15:12:45,Will California become a desert after the wildfires?,https://www.quora.com/Will-California-become-a-desert-after-the-wildfires,Fire Ecology,Quora,,Ecology and Environment
,How do forest fires start 'naturally'?,https://www.reddit.com/r/askscience/comments/4bk4w5/how_do_forest_fires_start_naturally/,Fire Ecology,Reddit,,Ecology and Environment
,"Are wild fires getting worse or are they ""normal"" statically speaking?",https://www.reddit.com/r/askscience/comments/75fv3l/are_wild_fires_getting_worse_or_are_they_normal/,Fire Ecology,Reddit,,Ecology and Environment
,"How do wildfires start ""spontaneously""",https://www.reddit.com/r/askscience/comments/94ne20/how_do_wildfires_start_spontaneously_when_the/,Fire Ecology,Reddit,,Ecology and Environment
,"Other than lightning strikes and lava, how do fires occur naturally?",https://www.reddit.com/r/askscience/comments/ekspyo/other_than_lightning_strikes_and_lava_how_do/,Fire Ecology,Reddit,,Ecology and Environment
,How do the fires start?,https://www.reddit.com/r/australia/comments/ehjl3d/how_does_the_fires_start/,Fire Ecology,Reddit,,Ecology and Environment
,Are the California Wild Fires 100% Bad?,https://www.reddit.com/r/ecology/comments/dvxd5z/are_the_california_wild_fires_100_bad/,Fire Ecology,Reddit,,"Ecology and Environment, Social Impact"
,How do wildfires start naturally without lightning or human involvement?,https://www.reddit.com/r/explainlikeimfive/comments/25n5fk/eli5_how_do_wildfires_start_naturally_without/,Fire Ecology,Reddit,,Ecology and Environment
,How do natural wildfires start?,https://www.reddit.com/r/explainlikeimfive/comments/3k7bc9/eli5_how_do_natural_wildfires_start/,Fire Ecology,Reddit,,Ecology and Environment
,What tends to start a forest fire and how do they catch so quickly?,https://www.reddit.com/r/explainlikeimfive/comments/75wtlk/eli5_what_tends_to_start_a_forest_fire_how_do/,Fire Ecology,Reddit,,Ecology and Environment
,Why does California burst into flames every summer?,https://www.reddit.com/r/explainlikeimfive/comments/9576rd/eli5_why_does_california_burst_into_flames_every/,Fire Ecology,Reddit,,Ecology and Environment
,Should we let wildfires burn?,https://www.reddit.com/r/forestry/comments/88wwwn/should_we_let_wildfires_burn/,Fire Ecology,Reddit,,"Ecology and Environment,Social Impact"
,How fast do wildfires spread?,https://www.reddit.com/r/preppers/comments/e2wkt2/serious_california_wildfires_how_to_prepare_and/,Fire Ecology,Reddit,,Ecology and Environment
,How do fires start?,https://www.reddit.com/r/prisonarchitect/comments/24pny2/how_do_fires_start/,Fire Ecology,Reddit,,Ecology and Environment
,Has fire season begun?,https://www.reddit.com/r/Sacramento/comments/ics87r/summer_is_officially_over_fire_season_has_begun/,Fire Ecology,Reddit,,Ecology and Environment
,Is it too late for fire season?,https://www.reddit.com/r/Wildfire/comments/4jayjv/is_it_too_late_for_fire_season/,Fire Ecology,Reddit,,Ecology and Environment
2/24/2021 12:19:02,"Why can't we cut some trees in forests to make blocks of forest so that in case some part catches fire from some reason, only that portion will burn instead of developing to huge wildfires?",https://twitter.com/abhisheksridha9/status/1306132922739482625?s=20,Fire Ecology,Twitter,,Ecology and Environment
2/23/2021 23:15:56,What environmental variables can indicate potential wildfire risk?,https://twitter.com/arantec/status/1363199504544055296?s=20,Fire Ecology,Twitter,,Ecology and Environment
2/25/2021 22:37:40,What is the anomaly rate for the California Wildfires and Oregon fires?,https://twitter.com/CopernicusEU/status/1304360002342342657,Fire Ecology,Twitter,,Ecology and Environment
3/4/2021 11:30:18,"hey, lotta wildfires going on. Is something new happening, say with the climate? ",https://twitter.com/donmoyn/status/1189579890296668160?s=20,Fire Ecology,Twitter,,Ecology and Environment
2/25/2021 22:35:22,Air quality has been poor in much of WA recently. Is it because of smoke coming from the CA wildfires?,https://twitter.com/EcologyWA/status/1065006507131981824,Fire Ecology,Twitter,,"Ecology and Environment, Fire Safety"
2/23/2021 19:57:41,Will California wildfires merge into massive inferno?,https://twitter.com/EdSDavis/status/745248474455773184?s=20,Fire Ecology,Twitter,,Ecology and Environment
2/23/2021 18:48:19,Can you send me your guidance on how rewilding protects against wildfire?,https://twitter.com/essexforester/status/1363111190638043136?s=20,Fire Ecology,Twitter,,Ecology and Environment
2/23/2021 19:00:35,"Wildfire in world's largest tropical wetland Pantanal.
Will it alter the ecology forever?",https://twitter.com/MahipalRathore/status/1322575758309535744?s=20,Fire Ecology,Twitter,,Ecology and Environment
2/24/2021 11:50:23,Over 30 days of smoke in the air. CaliforniaWildFire Why Are So Many Birds Dropping Dead?,https://twitter.com/mama4gaia/status/1306144106452668416?s=20,Fire Ecology,Twitter,,Ecology and Environment
2/23/2021 18:56:45,"need to tease apart how expected values of herb/shrub biomass, visual obstruction, forage quality, etc, change over time in patches of low/mod/high severity fire.",https://twitter.com/mammaldreams/status/1346242565683748866?s=20,Fire Ecology,Twitter,,Ecology and Environment
2/23/2021 18:56:45,can yall recommend papers on forest structure recovery after wildfires of different severities?,https://twitter.com/mammaldreams/status/1346242565683748866?s=20,Fire Ecology,Twitter,,Ecology and Environment
2/23/2021 23:17:43,Can wildfires cool the climate?,https://twitter.com/mitagator/status/1362372006688219143?s=20,Fire Ecology,Twitter,,Ecology and Environment
2/25/2021 15:32:28,How Can Banana Plants Help Us Fight Wildfires?,https://twitter.com/mitagator/status/1364848273178177541?s=20,Fire Ecology,Twitter,,Ecology and Environment
2/23/2021 19:49:31,Is climate change making wildfires worse?,https://twitter.com/natgravett/status/1286608334188163074?s=20,Fire Ecology,Twitter,,Ecology and Environment
2/25/2021 23:14:08,What happens when a carbon sink goes up in smoke?,https://twitter.com/NEON_sci/status/1357359771930746882,Fire Ecology,Twitter,,Ecology and Environment
2/24/2021 19:33:19,How can burning wood contribute to stop Climate Change?,https://twitter.com/now_ecology/status/1361959456553250817?s=20,Fire Ecology,Twitter,,Ecology and Environment
2/23/2021 19:47:25,Do you know any species of bird with an ecology linked to wildfires? ,https://twitter.com/PauCostaF/status/1288433212092493825?s=20,Fire Ecology,Twitter,,Ecology and Environment
2/25/2021 23:16:39,"How does organic soil combustion and post-fire soil erosion affect runoff, carbon cycling, ecohydrology & habitat suitability?",https://twitter.com/peatofmind/status/1133769669410738177,Fire Ecology,Twitter,,Ecology and Environment
2/23/2021 19:27:16,"If wildfires haven't always been part of California's ecology, then why have plants like the Sequoia adapted to needing the heat from fires to open their cones and release their seeds?",https://twitter.com/RealChrnblChckn/status/1310823747562078210?s=20,Fire Ecology,Twitter,,Ecology and Environment
2/23/2021 19:37:16,"More dead migratory birds than normal are being reported in the SW. Maybe record wildfires, smoke, habitat destruction, and a 60° drop (with high winds) are related?",https://twitter.com/Scichelle/status/1305855404463841282?s=20,Fire Ecology,Twitter,,Ecology and Environment
2/23/2021 19:37:16,How exactly will we study ecology when several critical variables are concurrently at their extremes?,https://twitter.com/Scichelle/status/1305855404463841282?s=20,Fire Ecology,Twitter,,Ecology and Environment
2/25/2021 22:30:18,"Are California’s wildfires entirely the fault of climate change? Or are local utilities also to blame, by failing to maintain their infrastructure, and adapt to increased fire risk? ",https://twitter.com/SierraClub/status/1078719743908110337,Fire Ecology,Twitter,,"Ecology and Environment, Fire Safety"
2/25/2021 23:14:50,Are wildfire recovery efforts hurting biodiversity?,https://twitter.com/TaraLohan/status/1204425486375407616,Fire Ecology,Twitter,,Ecology and Environment
2/24/2021 19:33:54,curious about how smoke from wildfires and crop burning is impacting insects? how butterflies respond to smoke pollution!,https://twitter.com/UnScilenced/status/1349847660149174272?s=20,Fire Ecology,Twitter,,Ecology and Environment
2/23/2021 18:59:37,response of small mammal and tick communities to a catastrophic wildfire. What are the implications for tick-borne pathogens? ,https://twitter.com/wileyecology/status/1337044441626972161?s=20,Fire Ecology,Twitter,,Ecology and Environment
2/25/2021 14:58:44,How does rain help with forest fire?,https://www.quora.com/How-does-rain-help-with-forest-fire,Fire Ecology,Quora,,Ecology and Environment
2/25/2021 15:20:49,How much long does a forest fire last?,https://www.quora.com/How-much-long-does-a-forest-fire-last,Fire Ecology,Quora,,Ecology and Environment
2/25/2021 15:08:29,Why would somebody intentionally start the wildfires in California?,https://www.quora.com/Why-would-somebody-intentionally-start-the-wildfires-in-California,Fire Ecology,Quora,,Social Impact
2/25/2021 23:22:21,At this time of year? I thought fire season was over? Guess not ,https://www.facebook.com/hashtag/firesafe,Fire Ecology,Facebook,,Ecology and Environment
3/31/2021 12:20:25,Where can I find information about fires that are burning right now?,https://wildfiretoday.com/faq-wildland-fire/,Fire Ecology,Other,,Fire Safety
2/25/2021 15:21:26,"How would I find as much information as possible about wildfires, wildfire prevention, and wildfire fighting in the US?",https://www.quora.com/How-would-I-find-as-much-information-as-possible-about-wildfires-wildfire-prevention-and-wildfire-fighting-in-the-US,Fire Ecology,Quora,,Fire Safety
,California fires live updates,https://www.reddit.com/r/berkeley/comments/jh236r/california_fires_live_updates_berkeley_says_hills/,Fire Ecology,Reddit,,Fire Safety
,Smoke/Fire near San Jose and Santa Clara?,https://www.reddit.com/r/SanJose/comments/9m8rdc/smokefire_near_san_jose_and_santa_clara/,Fire Ecology,Reddit,,Fire Safety
,Nearby Fires Happening?,https://www.reddit.com/r/Stockton/comments/icolfv/nearby_fires_happening/,Fire Ecology,Reddit,,Fire Safety
,Fires near me,https://www.reddit.com/r/Stockton/comments/icolfv/nearby_fires_happening/,Fire Ecology,Reddit,,Fire Safety
,What are some fires close to me?,https://www.reddit.com/r/Stockton/comments/icolfv/nearby_fires_happening/,Fire Ecology,Reddit,,Fire Safety
,Are there any fires around me?,https://www.reddit.com/r/Stockton/comments/icolfv/nearby_fires_happening/,Fire Ecology,Reddit,,Fire Safety
,Where is the nearest fire?,https://www.reddit.com/r/Stockton/comments/icolfv/nearby_fires_happening/,Fire Ecology,Reddit,,Fire Safety
2/23/2021 19:56:40,Why are the California fires so explosive?  ,https://twitter.com/Bewickwren/status/1062148815271157761?s=20,Fire Ecology,Twitter,,Ecology and Environment
2/24/2021 12:19:57,How smoke turn the sky red? ,https://twitter.com/CartoonKahuna/status/1306077803046080518?s=20,Fire Ecology,Twitter,,Ecology and Environment
2/23/2021 23:18:28,"what's the best estimate of how many acres in California (fed, state or private) are overgrown & need treatment? Millions of acres? 10s of millions? Is there an official estimate? ",https://twitter.com/DanielleVenton/status/1362522735058972672?s=20,Fire Ecology,Twitter,,Ecology and Environment
3/4/2021 11:36:56,How delicate is our power grid if a bird on a line can spark a major wildfire?,https://twitter.com/dannoyes/status/1189591932080513024?s=20,Fire Ecology,Twitter,,Ecology and Environment
3/4/2021 11:34:01,"A year after the devastating wildfire that destroyed the town of Paradise in California, who’s to blame and why was it so catastrophic?",https://twitter.com/frontlinepbs/status/1189346176837017600?s=20,Fire Ecology,Twitter,,"Ecology and Environment, Social Impact"
2/23/2021 19:04:04,WHY IS CALIFORNIA ON FIRE?,https://twitter.com/greeniscoolbiz/status/1312036518551326725?s=20,Fire Ecology,Twitter,,Ecology and Environment
2/23/2021 19:04:04,WHY DOES CALIFORNIA HAVE SO MANY FIRES?,https://twitter.com/greeniscoolbiz/status/1312036518551326725?s=20,Fire Ecology,Twitter,,Ecology and Environment
2/23/2021 19:04:04,WHY ARE CALIFORNIA FIRES SO BAD?,https://twitter.com/greeniscoolbiz/status/1312036518551326725?s=20,Fire Ecology,Twitter,,Ecology and Environment
2/24/2021 10:11:32,Is California Going Up in Flames?,https://twitter.com/jfrancis72261/status/1308580319013015554?s=20,Fire Ecology,Twitter,,Ecology and Environment
2/23/2021 18:16:34,Did fatal flaws in the CA Wildfire warning systems ruin all wildfire preparation plans?,https://twitter.com/Lex_Ins/status/1087806406248615937,Fire Ecology,Twitter,,Fire Safety
2/24/2021 10:10:04,Could California’s water engineering prowess be part of why our state is so vulnerable to climate change?,https://twitter.com/SusanLealH2O/status/1310597672898908160?s=20,Fire Ecology,Twitter,,Ecology and Environment
2/23/2021 20:18:34,Status on San Bruno Fire Recovery?,https://twitter.com/topix_insight/status/247357353664581632?s=20,Fire Ecology,Twitter,,Fire Safety
2/24/2021 10:09:12,What happened to the California WildFire smoke?,https://twitter.com/UtahDEQ/status/1311389300823478273?s=20,Fire Ecology,Twitter,,"Ecology and Environment, Fire Safety"
2/24/2021 12:46:54,California wildfires: Why are the wildfires in the US so bad?,https://twitter.com/worldabcnews/status/1304874969281724422?s=20,Fire Ecology,Twitter,,Ecology and Environment
2/23/2021 23:16:42,What will the fire season look like for the rest of 2021?,https://twitter.com/YPRadioNews/status/1362933962872549376?s=20,Fire Ecology,Twitter,,Ecology and Environment
2/25/2021 14:48:00,Fire fighting what is fire wall?,https://www.answers.com/Q/Fire_fighting_what_is_fire_wall,Fire Ecology,Answers,,Fire Safety
2/25/2021 15:18:11,How many electrical fires are there a year?,https://www.answers.com/Q/How_many_electrical_fires_are_there_a_year,Fire Ecology,Answers,,Ecology and Environment
2/25/2021 15:19:09,How do wildfires generate thunderstorms and lightning?,https://www.quora.com/How-do-wildfires-generate-thunderstorms-and-lightning,Fire Ecology,Quora,,Ecology and Environment
2/25/2021 15:07:55,How fast do wildfires move?,https://www.quora.com/How-fast-do-wildfires-move,Fire Ecology,Quora,,Ecology and Environment
2/25/2021 15:12:13,How much of California's wildfire is because of mismanagement of local authorities?,https://www.quora.com/How-much-of-Californias-wildfire-is-because-of-mismanagement-of-local-authorities,Fire Ecology,Quora,,Ecology and Environment
2/25/2021 15:23:58,"Is it possible to discover the exact starting location of a wildfire in a forest? If yes, how?",https://www.quora.com/Is-it-possible-to-discover-the-exact-starting-location-of-a-wildfire-in-a-forest-If-yes-how,Fire Ecology,Quora,,Ecology and Environment
2/25/2021 15:11:18,What can we do in the future to prevent or better fight wildfires?,https://www.quora.com/What-can-we-do-in-the-future-to-prevent-or-better-fight-wildfires,Fire Ecology,Quora,,Ecology and Environment
2/25/2021 14:48:54,Who fights wildfires? How?,https://www.quora.com/Who-fights-wildfires-How,Fire Ecology,Quora,,Fire Safety
2/25/2021 15:15:58,Who is to blame for the frequent wildfires in California?,https://www.quora.com/Who-is-to-blame-for-the-frequent-wildfires-in-California,Fire Ecology,Quora,,Ecology and Environment
2/25/2021 15:13:14,Why are wildfires such a big problem in California and not the rest of the USA?,https://www.quora.com/Why-are-wildfires-such-a-big-problem-in-California-and-not-the-rest-of-the-USA,Fire Ecology,Quora,,Ecology and Environment
2/25/2021 15:11:41,Why is California the only state affected by wildfires of that magnitude?,https://www.quora.com/Why-is-California-the-only-state-affected-by-wildfires-of-that-magnitude,Fire Ecology,Quora,,Ecology and Environment
,How do people determine how fires start?,https://www.reddit.com/r/explainlikeimfive/comments/3wdh89/eli5_how_do_people_determine_how_fires_start/,Fire Ecology,Reddit,,Ecology and Environment
2/25/2021 17:06:11,"How can indigenous fire management and wildfire ecologies better protect the land we are on, especially from the growing frequency of wildfires?",https://twitter.com/calnewmedia/status/1363896340468690954?s=20,Fire Ecology,Twitter,,Fire Safety
3/31/2021 12:24:42,Why do people live in areas where wildfires threaten their homes?,https://www.nfpa.org/Public-Education/Fire-causes-and-risks/Wildfire/Firewise-USA/Become-a-Firewise-USA-site/Frequently-asked-questions,Fire Ecology,Other,,Social Impact
2/25/2021 14:52:21,Fire safety in woodland areas means?,https://www.answers.com/Q/Fire_safety_in_woodland_areas_means,Fire Preparation,Answers,,Fire Safety
3/31/2021 12:25:03,"I don't live in a ""wildland"" -- is my home really in danger?",https://www.nfpa.org/Public-Education/Fire-causes-and-risks/Wildfire/Firewise-USA/Become-a-Firewise-USA-site/Frequently-asked-questions,Fire Preparation,Other,,Fire Safety
2/25/2021 14:54:40,What are the different safety and emergency drills conducted on board?,https://www.answers.com/Q/What_are_the_different_safety_and_emergency_drills_conducted_on_board,Fire Preparation,Answers,,Fire Safety
2/25/2021 15:03:51,What are the things you need for a fire drill?,https://www.answers.com/Q/What_are_the_things_you_need_for_a_fire_drill,Fire Preparation,Answers,,Fire Safety
2/25/2021 14:51:27,Are fire safety training courses offered online?,https://www.answers.com/Q/Are_fire_safety_training_courses_offered_online,Fire Preparation,Answers,,Fire Safety
2/25/2021 14:50:54,Are there any good fire safety videos online for children?,https://www.answers.com/Q/Are_there_any_good_fire_safety_videos_online_for_children,Fire Preparation,Answers,,Fire Safety
2/25/2021 15:24:25,How do you be safe during fire drills?,https://www.answers.com/Q/How_do_you_be_safe_during_fire_drills,Fire Preparation,Answers,,Fire Safety
2/25/2021 15:02:01,How do you prepare for a fire?,https://www.answers.com/Q/How_do_you_prepare_for_a_fire,Fire Preparation,Answers,,Fire Safety
2/25/2021 14:53:04,What are fire safety precautions?,https://www.answers.com/Q/What_are_fire_safety_precautions,Fire Preparation,Answers,,Fire Safety
2/25/2021 15:22:22,What are safety precautions for fire?,https://www.answers.com/Q/What_are_safety_precautions_for_fire,Fire Preparation,Answers,,Fire Safety
2/25/2021 15:22:59,What are fire safety precautions?,https://www.answers.com/Q/What_are_safety_precautions_for_fire,Fire Preparation,Answers,,Fire Safety
2/25/2021 14:57:30,What are the things you need for a fire drill?,https://www.answers.com/Q/What_are_the_things_you_need_for_a_fire_drill,Fire Preparation,Answers,,Fire Safety
2/25/2021 15:11:03,What does the fire department distribute to help prepare you to make your home safer?,https://www.answers.com/Q/What_does_the_fire_department_distribute_to_help_prepare_you_to_make_your_home_safer,Fire Preparation,Answers,,Fire Safety
2/25/2021 14:53:26,What fire safety precautions you should take when you are in a public building?,https://www.answers.com/Q/What_fire_safety_precautions_you_should_take_when_you_are_in_a_public_building,Fire Preparation,Answers,,Fire Safety
2/25/2021 15:23:33,What is importance of safety precautions needed in the use of electricity?,https://www.answers.com/Q/What_is_importance_of_safety_precautions_needed_in_the_use_of_electricity,Fire Preparation,Answers,,Fire Safety
2/25/2021 14:52:01,Where can I find standard fire safety regulations?,https://www.answers.com/Q/Where_can_I_find_standard_fire_safety_regulations,Fire Preparation,Answers,,Fire Safety
2/25/2021 14:56:50,Why do you need fire alarms?,https://www.answers.com/Q/Why_do_you_need_fire_alams,Fire Preparation,Answers,,Fire Safety
2/25/2021 15:15:11,Why would one need a fire escape plan in a home?,https://www.answers.com/Q/Why_would_one_need_a_fire_escape_plan_in_a_home,Fire Preparation,Answers,,Fire Safety
3/11/2021 15:57:42,What are some of the best types of fire resistant clothing?,https://www.answers.com/Q/What_are_some_of_the_best_types_of_fire_resistant_clothing,Fire Preparation,Answers,,Fire Safety
3/11/2021 23:57:40,What gave you done to protect your home from wildfires this year?,https://answers.yahoo.com/question/index;_ylt=AwrXnCC9HktgUyUAiyVPmolQ;_ylu=Y29sbwNncTEEcG9zAzEwBHZ0aWQDBHNlYwNzcg--?qid=20081008170301AAqGwSt,Fire Preparation,Answers,,Fire Safety
2/25/2021 23:19:27,Is your house number noticeable?,https://www.facebook.com/hashtag/firesafe,Fire Preparation,Facebook,,Fire Safety
2/25/2021 23:19:56,How do I get a free smoke alarm?,https://www.facebook.com/hashtag/firesafe,Fire Preparation,Facebook,,Fire Safety
2/25/2021 14:44:37,Do I need to prepare for a fire?,Divya Kunisetty,Fire Preparation,Non-internet,,Fire Safety
2/25/2021 14:46:24, How to Prepare for Evacuation?,frontlinewildfire.com/fire-evacuation-checklist/,Fire Preparation,Other,,Fire Safety
2/25/2021 14:46:01,How to prepare for a wildfire evacuation?,https://abc7news.com/wildfire-danger-fire-cal/2516071/,Fire Preparation,Other,,Fire Safety
2/25/2021 14:45:03,How to Prepare for a Fire Emergency?,https://www.homedepot.com/c/ah/how-to-prepare-for-a-fire-emergency/9ba683603be9fa5395fab901af3a85a1,Fire Preparation,Other,,Fire Safety
2/25/2021 14:43:11,How do people prepare for fires?,"https://www.ready.gov/wildfires#:~:text=Find%20an%20outdoor%20water%20source,Close%20all%20doors%20and%20windows.",Fire Preparation,Other,,Fire Safety
2/25/2021 14:43:34,What should I do before fire?,"https://www.readyforwildfire.org/prepare-for-wildfire/go-evacuation-guide/pre-evacuation-preparation-steps/#:~:text=Make%20sure%20you%20know%20your,Remove%20lightweight%20curtains.",Fire Preparation,Other,,Fire Safety
3/24/2021 15:03:35,How do you fight wildfires?,https://www.doi.gov/blog/7-burning-questions-wildfires-public-lands,Fire Preparation,Other,,Fire Safety
3/31/2021 12:19:13,What should I do to prepare for wildfires in my area?,https://www.humanesociety.org/resources/wildfire-faq,Fire Preparation,Other,,Fire Safety
3/31/2021 12:21:37,How do I keep my home from burning in a wildfire? ,https://wildfiretoday.com/faq-wildland-fire/,Fire Preparation,Other,,-----
3/31/2021 12:25:55,What are the most important things to do to protect my home?,https://www.nfpa.org/Public-Education/Fire-causes-and-risks/Wildfire/Firewise-USA/Become-a-Firewise-USA-site/Frequently-asked-questions,Fire Preparation,Other,,Fire Safety
2/25/2021 14:49:42,How do you stop a wildfire?,https://www.quora.com/How-do-you-stop-a-wildfire,Fire Preparation,Quora,,"Ecology and Environment, Fire Safety"
2/25/2021 15:16:32,What are some good ways to prepare for wildfire?,https://www.quora.com/What-are-some-good-ways-to-prepare-for-wildfire,Fire Preparation,Quora,,Fire Safety
2/25/2021 15:04:51,What can be done by the government in California to prevent wildfires?,https://www.quora.com/What-can-be-done-by-the-government-in-California-to-prevent-wildfires,Fire Preparation,Quora,,Fire Safety
3/4/2021 19:50:48,Why is fire safety so important?,https://www.quora.com/Why-is-fire-safety-so-important,Fire Preparation,Quora,,-----
3/4/2021 19:51:21,Where can I find best fire safety products?,quora.com/Where-can-I-find-best-fire-safety-products,Fire Preparation,Quora,,Fire Safety
3/4/2021 19:51:48,Why do we need fire safety training?,https://www.quora.com/Why-do-we-need-fire-safety-training,Fire Preparation,Quora,,-----
3/4/2021 19:52:03,Where do I find fire safety training?,https://www.quora.com/Where-do-I-find-fire-safety-training,Fire Preparation,Quora,,Fire Safety
3/4/2021 19:52:20,What is fire safety?,https://www.quora.com/What-is-fire-safety,Fire Preparation,Quora,,Fire Safety
3/4/2021 19:53:54,Why everyone should have fire safety products?,https://www.quora.com/Why-everyone-should-have-fire-safety-products,Fire Preparation,Quora,,Fire Safety
3/4/2021 19:54:07,What are some uncommon fire safety tips?,https://www.quora.com/What-are-some-uncommon-fire-safety-tips,Fire Preparation,Quora,,Fire Safety
3/4/2021 19:54:21,Why is it important to know about fire safety? What is the main fire safety equipment?,https://www.quora.com/Why-is-it-important-to-know-about-fire-safety-What-is-the-main-fire-safety-equipment,Fire Preparation,Quora,,Fire Safety
3/4/2021 19:54:35,How do I make an ideal fire safety plan?,https://www.quora.com/How-do-I-make-an-ideal-fire-safety-plan,Fire Preparation,Quora,,Fire Safety
3/4/2021 19:55:06,What are some common household fire safety mistakes people make?,https://www.quora.com/What-are-some-common-household-fire-safety-mistakes-people-make,Fire Preparation,Quora,,Fire Safety
3/4/2021 19:55:18,When do you need to look for fire safety risks?,https://www.quora.com/When-do-you-need-to-look-for-fire-safety-risks,Fire Preparation,Quora,,Fire Safety
3/4/2021 19:55:38,What is the most important fire safety and prevention tips for the home?,https://www.quora.com/What-is-the-most-important-fire-safety-and-prevention-tips-for-the-home,Fire Preparation,Quora,,Fire Safety
3/4/2021 19:55:54,What does fire safety include?,https://www.quora.com/What-does-fire-safety-include,Fire Preparation,Quora,,Fire Safety
,What should I take with me and what do I leave behind?,https://www.reddit.com/r/AMA/comments/iphm2g/im_about_to_lose_my_apartment_to_a_massive/,Fire Preparation,Reddit,,Fire Safety
,What belongings should I bring with me?,https://www.reddit.com/r/AMA/comments/iphm2g/im_about_to_lose_my_apartment_to_a_massive/,Fire Preparation,Reddit,,Fire Safety
,Do I need a breathing filter when there is a wildfire?,https://www.reddit.com/r/askscience/comments/qo69n/if_theres_a_fire_youre_supposed_to_breathe/,Fire Preparation,Reddit,,Fire Safety
,Do I need an air purifier for wildfire smoke?,https://www.reddit.com/r/askscience/comments/qo69n/if_theres_a_fire_youre_supposed_to_breathe/,Fire Preparation,Reddit,,Fire Safety
,What air purifier should I get for wildfire smoke?,https://www.reddit.com/r/askscience/comments/qo69n/if_theres_a_fire_youre_supposed_to_breathe/,Fire Preparation,Reddit,,Fire Safety
,Should I use an N95 mask for wildfire smoke?,https://www.reddit.com/r/askscience/comments/qo69n/if_theres_a_fire_youre_supposed_to_breathe/,Fire Preparation,Reddit,,Fire Safety
,What face mask should I have for wildfire smoke?,https://www.reddit.com/r/askscience/comments/qo69n/if_theres_a_fire_youre_supposed_to_breathe/,Fire Preparation,Reddit,,Fire Safety
,Preparing my California house for fire season,https://www.reddit.com/r/DIY/comments/icnclk/preparing_my_california_house_for_fire_season/,Fire Preparation,Reddit,,Fire Safety
,How can I make my financial life easier in the event that my home is destroyed?,https://www.reddit.com/r/personalfinance/comments/ips9m5/i_may_have_to_evacuate_my_house_due_to_forest/,Fire Preparation,Reddit,,Social Impact
,Home wildfire prepping,https://www.reddit.com/r/preppers/comments/4jpoyh/home_wildfire_prepping/,Fire Preparation,Reddit,,Fire Safety
,How does one prepare for intense wildfires that levels everything in its path?,https://www.reddit.com/r/preppers/comments/760mg4/how_does_one_prepare_for_intense_wildfires_that/,Fire Preparation,Reddit,,Fire Safety
,Go bag for a sudden evacuation,https://www.reddit.com/r/preppers/comments/7i7qi3/go_bag_for_a_sudden_evacuation/,Fire Preparation,Reddit,,Fire Safety
,What are your favorite tips to prepare for fires?,https://www.reddit.com/r/preppers/comments/91fw6z/what_are_your_favorite_tips_to_prepare_for/,Fire Preparation,Reddit,,Fire Safety
,Insurance for wildfires?,https://www.reddit.com/r/preppers/comments/95t6p5/wildland_fire_season_prep/,Fire Preparation,Reddit,,Social Impact
,Should I get insurance for wildfires?,https://www.reddit.com/r/preppers/comments/95t6p5/wildland_fire_season_prep/,Fire Preparation,Reddit,,Social Impact
,What insurance should I get for wildfires?,https://www.reddit.com/r/preppers/comments/95t6p5/wildland_fire_season_prep/,Fire Preparation,Reddit,,Social Impact
,Communication that doesn't rely on cell services? ,https://www.reddit.com/r/preppers/comments/e2wkt2/serious_california_wildfires_how_to_prepare_and/,Fire Preparation,Reddit,,Fire Safety
,What to include in my bug-out bag?,https://www.reddit.com/r/preppers/comments/e2wkt2/serious_california_wildfires_how_to_prepare_and/,Fire Preparation,Reddit,,Fire Safety
,What is a bug-out bag?,https://www.reddit.com/r/preppers/comments/e2wkt2/serious_california_wildfires_how_to_prepare_and/,Fire Preparation,Reddit,,Fire Safety
,How to set up a defensive perimeter?,https://www.reddit.com/r/preppers/comments/e2wkt2/serious_california_wildfires_how_to_prepare_and/,Fire Preparation,Reddit,,Fire Safety
,How to prepare for wildfires?,https://www.reddit.com/r/preppers/comments/e2wkt2/serious_california_wildfires_how_to_prepare_and/,Fire Preparation,Reddit,,Fire Safety
,Advice needed- Home prep for house fire,https://www.reddit.com/r/preppers/comments/e51sh1/advice_needed_home_prep_for_house_fire/,Fire Preparation,Reddit,,Fire Safety
,Wildfire evacuation preps,https://www.reddit.com/r/preppers/comments/icp6qc/wildfire_evacuation_preps/,Fire Preparation,Reddit,,Fire Safety
,Advice for a Prepper living near the fires,https://www.reddit.com/r/preppers/comments/idxzjx/advice_for_a_prepper_living_near_the_fires/,Fire Preparation,Reddit,,Fire Safety
,What are some ways to fight wildfires?,https://www.reddit.com/r/Wildfire/comments/hsgua3/remote_sensinggis_to_fight_wildfires/,Fire Preparation,Reddit,,Fire Safety
,What to do to around the house to prepare for wildfire?,https://www.reddit.com/r/Wildfire/comments/iqw2me/what_to_do_to_around_the_house_to_prepare_for/,Fire Preparation,Reddit,,Fire Safety
2/24/2021 7:57:51,Great tips to help prepare your home in the event of a fire. What are some ways you prepare for emergencies? ,https://twitter.com/Luxury_Sells/status/1020005743309795329?s=20,Fire Preparation,Twitter,,Fire Safety
2/23/2021 19:02:37,"How should we deal with wildfires, esp. as they worsen due to climate change? ",https://twitter.com/ayanaeliza/status/1317549146774130688?s=20,Fire Preparation,Twitter,,Fire Safety
2/23/2021 22:09:57,How can we better manage fire safety risks in our cities and our lives?,https://twitter.com/BIC_Blr/status/1364429707064668160?s=20,Fire Preparation,Twitter,,Fire Safety
2/23/2021 18:22:24,Are you prepared to prevent fires if you live in the forest? Is your community in a known fire area? ,https://twitter.com/CMINE_EU/status/1241668459924205569,Fire Preparation,Twitter,,Fire Safety
2/23/2021 0:23:41,"As someone still new to California the wildfires are scary and I’m not sure how to prepare. Should i have an emergency bag? I don’t even know how or where to evacuate if need to, especially without a car. Any advice?",https://twitter.com/DrAlexisWilson/status/1296269177439703040,Fire Preparation,Twitter,,Fire Safety
2/23/2021 0:25:07,Q4: What are ways to prepare for a potential flooding after a wildfire?,https://twitter.com/femaregion8/status/1306315668682276864,Fire Preparation,Twitter,,Fire Safety
2/24/2021 13:25:25,"With increasingly occurring wildfires in California (up by approx. 6500 on the previous year), how can we best adapt and how would this be different at local, county, state, and federal levels?",https://twitter.com/Group3Ccdr/status/1364587355294879746?s=20,Fire Preparation,Twitter,,Fire Safety
2/25/2021 18:14:03, Can you and your family identify at least TWO ways out of your neighborhood if a wildfire threatened your safety? Where is your emergency meeting location?,https://twitter.com/IAFC_WFP/status/1288829207141810176,Fire Preparation,Twitter,,Fire Safety
2/23/2021 18:25:03,"Wildfires don’t happen only in California. Are you prepared? Mitigation, family preparation, planning for early evacuation are critical",https://twitter.com/ICFPD/status/920305827331809280?s=20,Fire Preparation,Twitter,,Fire Safety
2/25/2021 18:03:42,"Are you prepared to safely evacuate if your neighborhood is affected by a wildfire, like the Lake Fire? ",https://twitter.com/LASDBrink/status/1293773362301243395,Fire Preparation,Twitter,,Fire Safety
3/4/2021 11:29:04,How do wildfires start and spread?,https://twitter.com/latimes/status/1189333239963496448?s=20,Fire Preparation,Twitter,,Fire Safety
2/23/2021 18:14:27,How do you fight extreme wildfires?,https://twitter.com/LaurentAlfonso/status/1196180766448930817,Fire Preparation,Twitter,,Fire Safety
2/25/2021 18:13:21,"If there was an emergency that causes you to leave your home, what would you do to be ready?",https://twitter.com/mcsoaz/status/1267547887648399360,Fire Preparation,Twitter,,Fire Safety
2/23/2021 18:15:13,"So Gav, how many water reservoirs have you built in preparation? How does a state  ‘invest’ in wildfires? I hope all electric cars and solar panels are charged up before rolling blackouts start Raising hands",https://twitter.com/NikatNiteUSA/status/1260655387113426944,Fire Preparation,Twitter,,Fire Safety
2/23/2021 0:23:20,What is your community doing to prepare for wildfire?,https://twitter.com/NTFPD_/status/1309624254397284352,Fire Preparation,Twitter,,Fire Safety
3/4/2021 11:32:28,"With EXTREME fire danger on our doorstep, what can you do to prepare? ",https://twitter.com/NWSLosAngeles/status/1189359693732298752?s=20,Fire Preparation,Twitter,,Fire Safety
2/25/2021 18:11:30,Do you have an emergency plan if a wildfire approaches your home?,https://twitter.com/NWSSacramento/status/1310643294951501824,Fire Preparation,Twitter,,Fire Safety
2/23/2021 0:22:31,"The impending wildfire season and incompatibility with Coronavirus response— air pollution exacerbating respiratory issues, firefighting in close quarters, evacuation shelters—-and how to prepare?",https://twitter.com/PeterAlstone/status/1247004956034392065,Fire Preparation,Twitter,,Fire Safety
2/23/2021 18:37:49,Do you know what to do in preparation BEFORE a wildfire happens? ,https://twitter.com/PHSAofBC/status/884579273109114880?s=20,Fire Preparation,Twitter,,Fire Safety
2/25/2021 18:15:10,What’s in your go-bag?,https://twitter.com/ReadyOC/status/1304147391218692096,Fire Preparation,Twitter,,Fire Safety
2/23/2021 18:17:42,If we get these wildfires in CA annually couldn’t something be done in preparation? Like spray down the dry lands or something. Flame retardant or something? Praying for CA. Praying for our Nation. Praying for our Earth globe europe-africa,https://twitter.com/TriceCanUCan/status/1296339194223005697?s=20,Fire Preparation,Twitter,,Fire Safety
2/23/2021 18:17:15,"Proper natural disaster preparation requires clear communication; before, during and after any such event. Do you know what to do should a hurricane, flood or wildfire strike?",https://twitter.com/ursdempsey/status/1171340378156539905?s=20,Fire Preparation,Twitter,,Fire Safety
2/25/2021 23:16:21,What are the benefits of having a community wildfire protection plan during wildfire response and recovery?,https://twitter.com/usfs_nrs/status/466357756447182849,Fire Preparation,Twitter,,Fire Safety
2/23/2021 0:19:34,what are we doing to prepare for summer and the wildfires that are going to run rampant?,https://twitter.com/versacegansito/status/1362404604437168128,Fire Preparation,Twitter,,Fire Safety
2/23/2021 18:30:10,Is your Los Angeles home ready for fire season?,https://twitter.com/zeinobagijr/status/223239087497297920?s=20,Fire Preparation,Twitter,,Fire Safety
2/25/2021 15:25:05,Is there any place to live in California that is not threatened by wildfires?,https://www.quora.com/Is-there-any-place-to-live-in-California-that-is-not-threatened-by-wildfires,Fire Preparation,Quora,,Fire Safety
3/4/2021 20:00:25,Do local fire stations offer free smoke detectors?,https://www.quora.com/unanswered/Do-local-fire-stations-offer-free-smoke-detectors,Fire Preparation,Quora,,Fire Safety
,Can I get some fire evacuation resources for the Bay Area?,https://www.reddit.com/r/bayarea/comments/idqvfp/fire_information_and_evacuation_resources/,Fire Preparation,Reddit,,Fire Safety
,What is the Bay Area fire evacuation plan? ,https://www.reddit.com/r/bayarea/comments/if8eru/list_of_bay_area_fire_evacuation_maps_and_other/,Fire Preparation,Reddit,,Fire Safety
2/25/2021 15:09:36,What are the dangers of fire in a household?,https://www.answers.com/Q/What_are_the_dangers_of_fire_in_a_household,Fire Preparation,Answers,,Fire Safety
,Is it actually possible for fires to burn my house down?,https://www.reddit.com/r/askportland/comments/ipuhtm/is_it_actually_possible_for_fires_to_burn_my/,Fire Preparation,Reddit,,Fire Safety
,What lessons have we learned from wildfires?,https://www.reddit.com/r/preppers/comments/e2wkt2/serious_california_wildfires_how_to_prepare_and/,Fire Preparation,Reddit,,"Ecology and Environment, Fire Safety"
2/25/2021 22:39:14,"With increasingly occurring wildfires in California (up by approx. 6500 on the previous year), how can we best adapt and how would this be different at local, county, state, and federal levels?",https://twitter.com/Group3Ccdr/status/1364587355294879746,Fire Preparation,Twitter,,Fire Safety
2/23/2021 22:33:43,What about meeting fire safety standards? ,https://twitter.com/Ide23554794/status/1362071065703415815?s=20,Fire Preparation,Twitter,,Fire Safety
2/23/2021 18:25:52,"How can you, as a natural disaster preparation specialist team, create a safety structure that people could take shelter in during a tornado, flood, wildfire, blizzard, etc.?",https://twitter.com/Mrs_Michael3/status/1092608581298503680?s=20,Fire Preparation,Twitter,,Social Impact
2/25/2021 15:34:06,California wildfire season is approaching.  When will MY in the US get Biodefence ability?,https://twitter.com/PTownPedalers/status/1364608414781870081?s=20,Fire Preparation,Twitter,,Social Impact
2/23/2021 18:27:17,"in preparation for wildfires, people are building their houses with straw??????

“It’s a substantially better wall,"" say experts",https://twitter.com/yeahyeahyasmin/status/1254762771046170624?s=20,Fire Preparation,Twitter,,Fire Safety
3/4/2021 19:50:48,Why is fire safety so important?,https://www.quora.com/Why-is-fire-safety-so-important,Fire Preparation,Quora,,Fire Safety
3/4/2021 19:51:48,Why do we need fire safety training?,https://www.quora.com/Why-do-we-need-fire-safety-training,Fire Preparation,Quora,,Fire Safety
2/25/2021 14:41:28,What would you save in a fire?,https://answers.yahoo.com/question/index?qid=20060826225236AAV78Ai,Fire Recovery,Answers,,Fire Safety
3/24/2021 15:04:28,What happens to the landscape after a fire?,https://www.doi.gov/blog/7-burning-questions-wildfires-public-lands,Fire Recovery,Other,,Ecology and Environment
3/31/2021 12:25:31,Won't my insurance cover damages from a wildland fire?,https://www.nfpa.org/Public-Education/Fire-causes-and-risks/Wildfire/Firewise-USA/Become-a-Firewise-USA-site/Frequently-asked-questions,Fire Recovery,Other,,Social Impact
2/25/2021 15:24:31,How bad is it to exercise in air polluted by wildfire smoke?,https://www.quora.com/How-bad-is-it-to-exercise-in-air-polluted-by-wildfire-smoke,Fire Recovery,Quora,,Fire Safety
2/25/2021 15:01:41,How can California recover from this wildfire?,https://www.quora.com/How-can-California-recover-from-this-wildfire,Fire Recovery,Quora,,"Ecology and Environment, Social Impact"
2/25/2021 15:14:41,How do I protect myself from the wildfire smoke?,https://www.quora.com/How-do-I-protect-myself-from-the-wildfire-smoke,Fire Recovery,Quora,,Fire Safety
,Where can I send care packages,https://www.reddit.com/r/AskLosAngeles/comments/9w4644/where_can_i_send_care_packages/,Fire Recovery,Reddit,,Social Impact
,Donations to wildfire victims?,https://www.reddit.com/r/australia/comments/eicgro/donations_to_wildfire_victims/,Fire Recovery,Reddit,,Social Impact
,How to donate to wildfire victims?,https://www.reddit.com/r/australia/comments/eicgro/donations_to_wildfire_victims/,Fire Recovery,Reddit,,Social Impact
,How can I donate,https://www.reddit.com/r/australia/comments/ejftf7/how_can_i_donate_bushfire/,Fire Recovery,Reddit,,Social Impact
,How to help people affected by fires?,https://www.reddit.com/r/bayarea/comments/do32lt/how_to_help_people_affected_by_fires/,Fire Recovery,Reddit,,Social Impact
,Resources to repair/rebuild after fire damage,https://www.reddit.com/r/bayarea/comments/ifw5dd/resources_to_repairrebuild_after_fire_damage/,Fire Recovery,Reddit,,Social Impact
,"Where can i donate clothes to those who have lost their clothes in the wildfires?
",https://www.reddit.com/r/bayarea/comments/iivfj6/where_can_i_donate_clothes_to_those_who_have_lost/,Fire Recovery,Reddit,,Social Impact
,Home remedy for burns?,https://www.reddit.com/r/Cooking/comments/1wx788/home_remedy_for_burns/,Fire Recovery,Reddit,,Fire Safety
,Parents lost their house to a fire. Questions about the rebuilding process,https://www.reddit.com/r/Insurance/comments/aalq81/parents_lost_their_house_to_a_fire_questions/,Fire Recovery,Reddit,,Social Impact
,How to treat burns other than burn cream?,https://www.reddit.com/r/KitchenConfidential/comments/266pku/how_do_you_guys_treat_burns_other_than_burn_cream/,Fire Recovery,Reddit,,Fire Safety
,Burn Care Guide?,https://www.reddit.com/r/MadeOfStyrofoam/comments/kcjag7/burn_after_care_guide/,Fire Recovery,Reddit,,Fire Safety
,Fire Donations?,https://www.reddit.com/r/NoStupidQuestions/comments/ek6y60/australian_fire_donations/,Fire Recovery,Reddit,,Social Impact
,Helping wildfire evacuees: who to donate to?,https://www.reddit.com/r/oregon/comments/iq80bx/helping_wildfire_evacuees_who_to_donate_to/,Fire Recovery,Reddit,,Social Impact
,I’m wondering if there is a great group to donate to in order to assist wildfire evacuees right now.,https://www.reddit.com/r/oregon/comments/iq80bx/helping_wildfire_evacuees_who_to_donate_to/,Fire Recovery,Reddit,,Social Impact
,Where can people legitimately donate to help those who have been displaced due to the wildfires?,https://www.reddit.com/r/oregon/comments/irbl4u/where_are_can_people_legitimately_donate_to_help/,Fire Recovery,Reddit,,Social Impact
,Rebuilding after a house fire,https://www.reddit.com/r/paint/comments/eznldb/rebuilding_after_a_house_fire_and_need_advice_on/,Fire Recovery,Reddit,,Social Impact
,Burn treatment?,https://www.reddit.com/r/preppers/comments/jximoe/burn_treatment/,Fire Recovery,Reddit,,Fire Safety
,How to help the victims of the California wildfires ,https://www.reddit.com/r/Sacramento/comments/955zb1/how_to_help_the_victims_of_the_california/,Fire Recovery,Reddit,,Social Impact
,Donations for fire victims?,https://www.reddit.com/r/Sacramento/comments/icu8ba/donations_for_fire_victims/,Fire Recovery,Reddit,,Social Impact
,Where can I donate clothes and other household items to help the victims of wildfires?,https://www.reddit.com/r/SanJose/comments/75vulf/where_can_i_donate_clothes_and_other_household/,Fire Recovery,Reddit,,Social Impact
,Which firefighting/caregiving organizations are most transparent and could most use a donation right now?,https://www.reddit.com/r/SanJose/comments/iftuot/which_firefightingcaregiving_organizations_are/,Fire Recovery,Reddit,,Social Impact
,What kind of donations do those affected by the fire need?,https://www.reddit.com/r/santacruz/comments/idz3at/what_kind_of_donations_do_those_affected_by_the/,Fire Recovery,Reddit,,Social Impact
,Looking for a Wildfire Relief Organization,https://www.reddit.com/r/Wildfire/comments/jsbua8/looking_for_a_wildfire_relief_organizer/,Fire Recovery,Reddit,,Social Impact
,What are some wildfire mental health resources?,https://www.reddit.com/r/wildfirerecovery/comments/iajl2c/wildfire_mental_health_resources_from_samhsa/,Fire Recovery,Reddit,,Social Impact
,How to cope with emotional trauma after fire?,https://www.reddit.com/r/wildfirerecovery/comments/iaz2jp/coping_with_emotional_trauma_after_fire/,Fire Recovery,Reddit,,Social Impact
2/25/2021 14:43:05,"How can we focus more on post-wildfire recovery efforts?
",https://twitter.com/7521photography/status/1349045875604119553?s=20,Fire Recovery,Twitter,,Social Impact
2/25/2021 23:13:08,Are Wildfire Recovery Efforts Hurting Biodiversity?,https://twitter.com/Absurd_Penguin/status/1206569866532024325,Fire Recovery,Twitter,,Ecology and Environment
2/24/2021 13:23:30,Thinking about all of my friends in California and the devastation caused by the wildfires; when will there be a respite?? ,https://twitter.com/CourseCharted/status/1304063386183966721?s=20,Fire Recovery,Twitter,,Social Impact
2/23/2021 0:27:26,Can you recommend any local charities to support victims of CA wildfires? I'd love to help out and want to be sure my aid gets to people on the ground. Thanks,https://twitter.com/jenndaylou/status/1297014287488225281,Fire Recovery,Twitter,,Social Impact
2/23/2021 18:07:35,"Wildfire destroyes Australia 
The view of the Blue Mountains National Park in New South Wales shows the path of destruction left by wildfires that have swept through the region.
The question here is, what is the next step to rehabilitate wildlife & towards recovery?",https://twitter.com/JosephPrigith/status/1216668576230277121,Fire Recovery,Twitter,,Ecology and Environment
2/25/2021 23:11:11,Looking for how to help with Kincade Fire relief and recovery? ,https://twitter.com/NorCalGrant/status/1188606380430614528,Fire Recovery,Twitter,,Social Impact
2/23/2021 0:28:21,"Have they granted anything to the thousands of ppl who’ve lost everything out west? CA, OR, & WA? The RedCross & local charitable agencies are the only ppl to step up. Help hasn’t been equitable. I donated again, but I’m 1 person. ",https://twitter.com/NYCLAXLHR/status/1307181254958178305,Fire Recovery,Twitter,,Social Impact
2/25/2021 14:46:01,I've experienced losses due to wildfires. How can I get disaster assistance?,https://twitter.com/OregonOEM/status/1313514654593773568?s=20,Fire Recovery,Twitter,,Social Impact
2/25/2021 14:47:02,How should I do cleanup or debris removal?,https://twitter.com/OregonOEM/status/1313514655814303744?s=20,Fire Recovery,Twitter,,Social Impact
2/23/2021 18:09:04,Are wildfire recovery efforts hurting biodiversity?,https://twitter.com/Revelator_News/status/1204415988378136577,Fire Recovery,Twitter,,Ecology and Environment
2/25/2021 23:10:03,California has an Earthquake Authority to help property owners pay for recovery from earthquakes but why is there no help for those who's lives are destroyed by wildfires??,https://twitter.com/SteveWestly/status/1092490585687113729,Fire Recovery,Twitter,,Social Impact
2/23/2021 20:11:02,California is facing one of the worst fire seasons in history. What will the recovery process look like? ,https://twitter.com/tellushome/status/1316438701162016770?s=20,Fire Recovery,Twitter,,Social Impact
3/4/2021 11:38:44,Wondering about air quality during and after wildfires?,https://twitter.com/UCLAnewsroom/status/1189614736008044544?s=20,Fire Recovery,Twitter,,Fire Safety
2/25/2021 22:30:55,"In one of the driest states in the nation, how does land heal after wildfire?",https://twitter.com/USFWS_PSW/status/1275776010773057544,Fire Recovery,Twitter,,Ecology and Environment
2/23/2021 0:30:29,Want to help victims of the wildfires in CA? Give to their local community bank funds.,https://twitter.com/Yotie72/status/644014784426303488,Fire Recovery,Twitter,,Social Impact
2/24/2021 12:47:20,What has the Administration done to help those in Oregon & California? Has any action been taken?,https://twitter.com/shirlh307/status/1304874193557880832?s=20,Fire Recovery,Twitter,,Social Impact
2/25/2021 23:12:31,What are considered 'eligible costs' under FEMA's Public Assistance funding?,https://twitter.com/AdjustersIntl/status/1002945490948886529,Fire Recovery,Twitter,,Social Impact
2/25/2021 14:48:45,I know someone who prefers to call for help on recovery resources. Who should they contact?,https://twitter.com/OregonOEM/status/1313514659543040001?s=20,Fire Recovery,Twitter,,Fire Safety
2/24/2021 21:41:46,First question I have is who benefits financially from California wildfires?  Wonder if the amount of fires would go down if those people were exposed profiting from the fires?,https://twitter.com/SargeInTucson/status/1363130115786440709?s=20,Fire Recovery,Twitter,,Social Impact
2/25/2021 23:13:39,Can CA sue Trump for not fulfilling CA's request for wildfire recovery funds?,https://twitter.com/TexasFourplex/status/1098013141458448384,Fire Recovery,Twitter,,Social Impact
2/25/2021 22:51:49,How can I help plant trees?,https://www.facebook.com/CALFIRE/posts/10159085732947390,Getting Involved,Facebook,,Social Impact
3/11/2021 15:51:16,Why do you want to be a firefighter?,https://www.answers.com/Q/Why_do_you_want_to_be_a_firefighgter,Getting Involved,Answers,,Social Impact
3/11/2021 15:51:56,Where can you go to become a firefighter?,https://www.answers.com/Q/Where_can_you_go_to_become_a_firefighter,Getting Involved,Answers,,Social Impact
3/11/2021 15:55:56,How does one volunteer at a fire department?,https://www.answers.com/Q/How_does_one_volunteer_at_a_fire_department,Getting Involved,Answers,,Social Impact
3/11/2021 15:58:14,What kind of fitness tests do firefighters have?,https://www.answers.com/Q/What_kind_of_fitness_tests_do_firefighters_have,Getting Involved,Answers,,Social Impact
3/11/2021 15:58:34,How are firefighters different from cops?,https://www.answers.com/Q/How_are_firefighters_different_from_cops,Getting Involved,Answers,,Social Impact
3/11/2021 15:59:12,How does one become a firefighter?,https://www.answers.com/Q/How_does_one_become_a_firefighter,Getting Involved,Answers,,Social Impact
3/11/2021 16:00:00,What is the minimum age to become a firefighter?,https://www.answers.com/Q/What_is_the_minimum_age_to_become_a_firefighter,Getting Involved,Answers,,Social Impact
3/11/2021 16:00:24,How old do you have to be to become a firefighter?,https://www.answers.com/Q/How_old_do_you_have_to_be_to_become_a_firefighter,Getting Involved,Answers,,Social Impact
3/11/2021 16:00:49,How do you become a firefighter in the US?,https://www.answers.com/Q/How_do_you_become_a_firefighter_in_the_US,Getting Involved,Answers,,Social Impact
3/11/2021 16:01:41,What colleges offer the education or training to be a firefighter? ,https://www.answers.com/Q/What_colleges_offer_the_education_or_training_to_be_a_firefighter,Getting Involved,Answers,,Social Impact
3/11/2021 16:02:03,What experience to you need to become a firefighter?,https://www.answers.com/Q/What_experience_to_you_need_to_become_a_firefighter,Getting Involved,Answers,,Social Impact
3/11/2021 16:02:29,How can one learn about becoming a firefighter?,https://www.answers.com/Q/How_can_one_learn_about_becoming_a_firefighter,Getting Involved,Answers,,Social Impact
3/11/2021 16:04:43,What are the education requirements for becoming a firefighter?,https://www.answers.com/Q/What_are_the_education_requirements_for_becoming_a_firefighter,Getting Involved,Answers,,Social Impact
3/11/2021 16:05:40,How tall do I need to be to qualify for firefighter training?,https://www.answers.com/Q/How_tall_do_I_need_to_be_to_qualify_for_firefighter_training,Getting Involved,Answers,,Social Impact
3/11/2021 16:06:12,What education do you need to become a firefighter?,https://www.answers.com/Q/What_education_do_you_need_to_become_a_firefighter,Getting Involved,Answers,,Social Impact
3/11/2021 16:06:41,Where can I find the requirements to complete firefighter training ?,https://www.answers.com/Q/Where_can_i_find_the_requirements_to_complete_firefighter_training_,Getting Involved,Answers,,Social Impact
3/11/2021 15:53:56,How can I Getting Involved with a volunteer fire department?,https://www.firerescue1.com/volunteer/articles/how-can-i-get-involved-with-a-volunteer-fire-department-qKiCMUQcnLNm84Ux/,Getting Involved,Other,,Social Impact
3/11/2021 15:55:18,How to help your volunteer fire department?,https://www.firehouse.com/volunteer-firefighter/article/12213967/how-to-help-your-volunteer-fire-department-step-up-and-stand-out,Getting Involved,Other,,Social Impact
3/11/2021 16:08:11,How to become a volunteer firefighter?,https://www.rescuefiredepartment.org/becoming-a-volunteer-firefighter,Getting Involved,Other,,Social Impact
3/24/2021 15:12:55,How can I help our National Forests recover from wildfire?,https://www.nationalforests.org/blog/five-burning-questions-about-tree-planting-and-wildfire,Getting Involved,Other,,Social Impact
3/31/2021 12:20:48,How do I get a job as a wildland firefighter?,https://wildfiretoday.com/faq-wildland-fire/,Getting Involved,Other,,Social Impact
3/11/2021 15:56:44,"I want to Getting Involved in the recovery of the California fires. What is the best way to help? Send money, clothes and toys? Personally show up and help clean?",https://www.quora.com/unanswered/I-want-to-get-involved-in-the-recovery-of-the-California-fires-What-is-the-best-way-to-help-Send-money-clothes-and-toys-Personally-show-up-and-help-clean,Getting Involved,Quora,,Social Impact
3/11/2021 16:05:55,What are the requirements to become a firefighter?,https://www.answers.com/Q/What_are_the_requirements_to_become_a_firefighter,Getting Involved,Reddit,,Social Impact
3/11/2021 16:07:04,"So, is wildland firefighting worth it or not?",https://www.reddit.com/r/Wildfire/comments/hzikq9/so_is_it_worth_it_or_not/,Getting Involved,Reddit,,Social Impact
3/4/2021 19:59:54,What is the best way to support my local fire department?,https://www.quora.com/What-is-the-best-way-to-support-my-local-fire-department,Getting Involved,Quora,,Social Impact
3/4/2021 20:00:10,Do you donate any money to a local fire company?,https://www.quora.com/Do-you-donate-any-money-to-a-local-fire-company,Getting Involved,Quora,,Social Impact
3/4/2021 20:00:40,Are there any perks to volunteering in the local fire department?,https://www.quora.com/Are-there-any-perks-to-volunteering-in-the-local-fire-department,Getting Involved,Quora,,Social Impact
3/4/2021 20:00:55,What are common community outreach programs run by local fire departments?,https://www.quora.com/What-are-common-community-outreach-programs-run-by-local-fire-departments,Getting Involved,Quora,,Fire Safety
2/23/2021 20:11:58,How is California's Point Mugu State Park crowdsourcing to track fire recovery? ,https://twitter.com/peletechcorp/status/732610837337145344?s=20,Getting Involved,Twitter,,Fire Safety
2/25/2021 14:49:13,What are some Fire Safety Careers?,https://www.answers.com/Q/What_are_some_Fire_Safety_Careers,Getting Involved,Answers,,Social Impact
,What can we do to Donate/Volunteer/Otherwise help our firefighters?,https://www.reddit.com/r/AskSF/comments/ir1smz/what_can_we_do_to_donatevolunteerotherwise_help/,Getting Involved,Reddit,,Social Impact
,Applying for volunteer membership at a local fire department,https://www.reddit.com/r/Firefighting/comments/1a365e/im_applying_for_volunteer_membership_at_a_local/,Getting Involved,Reddit,,Social Impact
,How to apply for fire jobs?,https://www.reddit.com/r/Firefighting/comments/286kel/how_to_apply_for_australia_wildland_fire_jobs_as/,Getting Involved,Reddit,,Social Impact
,Want to volunteer for cali fire fighting,https://www.reddit.com/r/Firefighting/comments/9wfqnc/want_to_volunteer_for_the_cali_fires/,Getting Involved,Reddit,,Social Impact
,How can I volunteer to fight CA wildfires?,https://www.reddit.com/r/Firefighting/comments/iftt0y/how_can_i_volunteer_to_fight_ca_wildfires/,Getting Involved,Reddit,,Social Impact
,Wilfire positions?,https://www.reddit.com/r/Wildfire/comments/8mle9v/international_wildfire_positions/,Getting Involved,Reddit,,Social Impact
,Possibility of volunteering for a wildfire crew ,https://www.reddit.com/r/Wildfire/comments/enfemz/possibility_of_volunteering_for_a_wildfire_crew/,Getting Involved,Reddit,,Social Impact
,Possible to volunteer?,https://www.reddit.com/r/Wildfire/comments/gih8u9/possible_volunteer/,Getting Involved,Reddit,,Social Impact
,How to volunteer for firefighting?,https://www.reddit.com/r/Wildfire/comments/lsk06e/how_to_volunteer_for_wildland_firefighting/,Getting Involved,Reddit,,Social Impact
2/25/2021 22:34:34,Who's fighting CA wildfires?,https://twitter.com/CAFirefighters/status/884869940548972544,Getting Involved,Twitter,,Fire Safety
2/25/2021 22:40:07,looking for how to help during this wildfire season? ,https://twitter.com/NorCalGrant/status/1305942622297403392,Getting Involved,Twitter,,Social Impact
2/25/2021 14:47:48,How can I volunteer or support those impacted?,https://twitter.com/OregonOEM/status/1313514657659842562?s=20,Getting Involved,Twitter,,Social Impact
2/25/2021 14:48:24,What should I know about scams or fraud?,https://twitter.com/OregonOEM/status/1313514658658054144?s=20,Getting Involved,Twitter,,-----
3/4/2021 11:37:35,Want to help California with our wildfire problem? ,https://twitter.com/SageKileah/status/1189287229459435520?s=20,Getting Involved,Twitter,,Social Impact